Wind_P_el_n;pV_P_inst;storage_E_max;OC;OA
1.0;18120801.499289908;28861334354.222645;0.7405301479401565;0.512552206841144
1.0;8179134.42701836;136413441436.35321;0.9995708401996656;0.23554665429880425
1.0;3516656.6200266187;282608993792.4852;0.9999999999999444;0.114417726748455
1.0;296153.0196372904;119603279684.98753;0.9999999999996122;0.0164037736271266
1.0;18725810.61347155;189343978624.91617;0.8378501475162932;0.5457891170267334
1.0;3377125.476340568;142504471545.03326;0.999999999999938;0.10265348275624647
1.0;20486013.850719515;190088392294.6719;0.8048566935470642;0.5973909963916921
1.0;7266242.404300653;122407603254.51537;0.9999434304263718;0.20892082679448215
1.0;11432411.391937975;81489640750.4247;0.9367890186614829;0.3266491622514764
1.0;10129799.933126986;241092541934.50375;0.9983460839701052;0.29662577712470595
1.0;1830226.6625790466;206860774997.58627;0.9999999999999002;0.06374035792286935
1.0;16434634.52236068;317869895270.17474;0.9351270216254869;0.4833823527333732
1.0;14841382.256417546;305057784043.6471;0.9564368490381508;0.4362570982851125
1.0;2899716.7100451314;309033688150.8452;0.9999999999999357;0.09889545543684819
1.0;9209413.704248132;237403841648.91373;0.9998771783171193;0.2700632625261677
1.0;5332688.8477860475;152729028639.7584;0.9999999995606753;0.15711172253110478
1.0;11929807.801670393;178353740743.38193;0.9653764854559923;0.34612237869264845
1.0;16322125.48686989;127305723156.19856;0.8519120811425842;0.4721295494699883
1.0;6651139.815618422;283762149610.89954;0.9999999858431062;0.20097418486388677
1.0;19901633.892716546;336175931921.00836;0.8855001739233314;0.5859077175130069
1.0;3799025.9719227115;55944484215.33588;0.9999999999999416;0.10900636469475285
1.0;5977591.891382357;56363251836.71721;0.9999739242072144;0.1690950389275518
1.0;7520053.923926935;221658356295.21072;0.9999999728300383;0.22164042978730675
1.0;13475636.392793734;33595691509.17331;0.8580150594930767;0.38119131260835876
1.0;17922080.9306321;209000637108.77606;0.8638042150397516;0.5230700303778334
1.0;8342491.831972022;340196661622.0342;0.9999999556424525;0.2512211211940429
1.0;12594028.344751205;67770528163.77381;0.9022838029094749;0.35933790168584623
1.0;8805315.457288364;113722741533.47504;0.9944505597858959;0.25235020318988216
1.0;19365675.71588579;248069612026.4978;0.855999264117411;0.5670262704488299
1.0;13563524.887069583;167307588591.77853;0.9300909792364159;0.3933368059709169
1.0;15812911.16497218;31961718980.168457;0.7974475817405094;0.44771051284132163
1.0;8700394.576350506;115738901129.20737;0.9956557101165235;0.24943250115052096
1.0;9476192.044468282;165253838963.28177;0.9955249052495281;0.27425096581941444
1.0;4388436.342855363;74521847447.75098;0.9999999999999497;0.12643335136661113
1.0;20154409.69246208;343551042537.8807;0.884248792332465;0.5935859243057185
1.0;19781868.200983867;104665845391.40662;0.7648870009317399;0.5712578524293483
1.0;16489785.866291977;294236034049.90576;0.9261462129055278;0.4841529433025172
1.0;3175951.021243453;87229842624.35918;0.9999999999999322;0.0938058747168104
1.0;15119744.356513776;222956668915.04025;0.9232530037980862;0.4412823022769201
1.0;15126482.941129925;75660734365.91272;0.8465097649089994;0.43352227434093904
1.0;14067774.217720896;111771102860.36209;0.8929183056857979;0.405283320352004
1.0;11827799.517182143;118393767854.61453;0.9448642385165236;0.34028694329590203
1.0;5496175.48252682;235239952097.48917;0.9999999993720162;0.16629341488094262
1.0;20379405.83630712;204789517893.71158;0.8150115850951056;0.5949676282926797
1.0;10167179.36820239;36375582407.64838;0.9443477822453298;0.2867135217859776
1.0;14528468.267848602;145439895670.12988;0.9004397075796852;0.42059284748943637
1.0;12110786.630034951;70425750799.22081;0.9152725550527606;0.34553084115392046
1.0;15420931.780782826;201213431993.03192;0.9085400075902506;0.44926674249226517
1.0;13786203.93345469;176582166268.88992;0.9295959095199927;0.40026615686597034
1.0;9320729.409056252;252018936826.5741;0.9999098765528521;0.2739627709637462
1.0;11871709.09829056;41391632894.90791;0.9043814890348142;0.3360830483587985
1.0;16660429.21584764;314918180087.3119;0.9305192801256109;0.4898945256181708
1.0;7978260.965377884;58269276575.287415;0.9939325272635978;0.22549475488552925
1.0;12841792.705729578;256178182533.40735;0.9732589247388218;0.3759756408871629
1.0;13774636.136733027;157931424357.28043;0.9217920458655178;0.39908771609614246
1.0;17122785.803822797;93216779856.8645;0.8127731436676706;0.49303667095904263
1.0;11756310.966747712;172619333997.0637;0.9665595041650743;0.3408091212555642
1.0;13226986.206390917;358691588876.06165;0.989085911835768;0.3913652436575725
1.0;667359.1699224948;160577198671.17224;0.999999999999781;0.029050347831331317
1.0;5026785.703244765;42298967993.64098;0.9999999997351504;0.14195364942599895
1.0;10876032.244068772;174881526530.74252;0.9813708378134773;0.3152808364655166
1.0;16565492.091355322;151994056134.08102;0.8609250394026049;0.4806336341543163
1.0;4841816.081293078;102006516980.41798;0.9999999999478033;0.14060783722287915
1.0;11237013.936032899;181414483283.17746;0.977688121900073;0.32606822902598753
1.0;7808775.9358133245;205741341275.55078;0.9999978345855121;0.22882905604344975
1.0;1051852.126161389;84384611223.94756;0.9999999999998187;0.03508320393578327
1.0;11646803.707467262;236071001511.89496;0.9847596856639265;0.340335902555909
1.0;6491884.463413765;186052940122.83813;0.9999999906255653;0.19103027769483125
1.0;5692593.002723287;156027337181.23627;0.9999999991286865;0.16721851475532626
1.0;7157581.695748263;232739067738.2225;0.9999999804578207;0.21217632896704322
1.0;11347612.897323972;228068637618.7055;0.9867684362249385;0.3312947444055723
1.0;7119305.1377972225;154935612355.01105;0.9999975878210209;0.20668135608672422
1.0;6578610.42787515;277117307640.95734;0.9999999888736051;0.1985800361412783
1.0;7416698.39891063;144232830854.97122;0.9999666000914402;0.21438435306952797
1.0;19484527.43614649;254771227517.96652;0.8570662335663947;0.5707714086662964
1.0;14629698.381914282;147384266459.59723;0.8992924452591375;0.4236572749155549
1.0;5608565.322553315;130596296762.0277;0.9999999993910234;0.1634264692568232
1.0;3778279.575806734;322443744314.25446;0.9999999999999486;0.12382208830033828
1.0;6385792.942866822;64758831712.150505;0.9999332555389631;0.18091184691552795
1.0;14232952.811674284;213283177065.42313;0.9357755073999857;0.4148930785716192
1.0;18385635.085569456;162745674012.72565;0.8296400403499277;0.5345107499638133
1.0;11325153.89979413;98674501844.5926;0.9470860677158912;0.32458730362143123
1.0;19000472.509770762;4188905646.3726835;0.6960699602893793;0.5268465389420779
1.0;790380.9144907624;90681010532.0419;0.999999999999775;0.028266208290660105
1.0;1260102.6457253129;214537430730.6783;0.9999999999998688;0.04847193573818967
1.0;2645922.425113912;284841337375.0215;0.9999999999999297;0.09056957572939944
1.0;5940004.186758922;349535993354.5945;0.9999999977700994;0.18489725918842614
1.0;19198892.544646673;275812593217.9478;0.8719693830470909;0.5631534534660692
1.0;2076571.7950885666;125124228560.80084;0.9999999999999033;0.06579823797418716
1.0;19106658.20912289;231494100329.36935;0.8526183490304192;0.5587712387570659
1.0;2190717.2075927397;10656320949.519802;0.9999999999998964;0.0613890207201012
1.0;12675997.977096444;12394580265.670918;0.8630358557940238;0.3543815454693476
1.0;11072007.43682853;134789738580.53366;0.9663140278122384;0.319123567215572
1.0;17174702.803553328;50836740484.531784;0.780568777819317;0.48979947667677054
1.0;20221149.564355392;288254277551.7589;0.8595965081861342;0.5936377321348657
1.0;9626906.533254882;171019256161.04758;0.9950261881725919;0.2788796786563644
1.0;4527254.609116362;20376042712.269592;0.9999999999999497;0.12663491767404408
1.0;14562175.089799587;329835918463.3467;0.9674037020248393;0.4290576509493979
1.0;15295347.958512554;192978492786.04108;0.9073212979526675;0.44524113463073967
1.0;8429558.166642088;200359289933.361;0.9999503794961166;0.24600996400375916
1.0;20574744.430070747;184359763400.96603;0.7999343155733474;0.5996968938281096
1.0;6307947.473862931;295446556364.3927;0.9999999943017717;0.19208648894368568
1.0;4157570.1121646375;244388427873.87848;0.999999999999951;0.12993791952941514
1.0;4081540.4268222186;356304436379.77563;0.9999999999999525;0.13403573020534656
1.0;7621777.809959531;176804331460.455;0.9999890354472392;0.22197060884559497
1.0;2420318.4816582347;202579899462.72437;0.9999999999999202;0.07975011044142462
1.0;1097958.0509098712;141668718232.7262;0.9999999999998402;0.039809867644157004
1.0;12890936.501391439;110257076175.4247;0.9180959074709206;0.3708096324021909
1.0;11103252.761538334;324975729801.63727;0.9990762680291075;0.32847087403854436
1.0;17690093.915768046;94965997371.19656;0.8016170499395603;0.5096750065583253
1.0;7005998.5857921215;325980966652.52594;0.9999999821087647;0.21323165273627304
1.0;18951564.7611801;262135235055.7451;0.8701750229168626;0.5553877220147255
1.0;2461093.4885891494;21798633536.671806;0.9999999999999089;0.0697614962503016
1.0;9712655.287796818;49033239221.21148;0.9609534031441458;0.27471408645876066
1.0;18573534.73203376;196351626902.82956;0.8445908632951892;0.5416422989031141
1.0;10747587.396066133;306336826875.5149;0.9992894153945262;0.31739329340537037
1.0;9879602.189202264;340717331525.9266;0.9999922231819324;0.2943380655026632
1.0;12191477.13180818;243713092674.49622;0.9793953845604207;0.3565132952681578
1.0;16053659.562982947;130961156381.42741;0.859896862667801;0.4644976864607106
1.0;1662744.7511441307;273502979256.1712;0.9999999999998987;0.0628686155838185
1.0;3562805.746565275;260561259448.4074;0.9999999999999444;0.11446421117972011
1.0;975660.3108112123;259427312994.31516;0.9999999999998526;0.04316267136533356
1.0;6864136.069478006;226189937117.14606;0.9999999836336412;0.20365661388745837
1.0;15658869.257923434;44678867652.39785;0.811465915725868;0.44540134697848527
1.0;7861440.716092241;64292565764.5647;0.9959872390432934;0.22251596412476518
1.0;20797728.794378795;292472297378.61285;0.8514753904485878;0.6107124712193306
1.0;4232463.997003846;285961494015.4889;0.9999999999999526;0.1343103509983363
1.0;17608852.62301048;346985608230.37634;0.9262633974042728;0.5188764340089546
1.0;16862529.73209261;62480771096.16234;0.7967187552456311;0.4823823428128026
1.0;4928328.0801674165;348014581919.04706;0.9999999997708815;0.15689908259630833
1.0;1761473.6111710074;353698545936.83026;0.9999999999999092;0.07002438825085018
1.0;342548.82463707525;157592140972.2774;0.9999999999996807;0.01992675864918593
1.0;9826676.565215172;266525034789.09427;0.9997708038052554;0.28911752917129524
1.0;3907084.1825293396;132258746503.76044;0.9999999999999455;0.11665265661438139
1.0;20937418.642917663;51890791066.80725;0.7014586037448339;0.5976224872571396
1.0;6136252.158779944;140259591973.68726;0.9999999971669087;0.1785467992250608
1.0;2702753.9613984213;311690273560.2726;0.999999999999932;0.09362003270471778
1.0;12691100.118824748;344691525651.5691;0.9918471882498106;0.3752315242986464
1.0;5257644.812699515;303442105286.098;0.9999999995924176;0.16351376196715836
1.0;20627205.403704878;13037200812.238518;0.6710715360395424;0.5769660312470285
1.0;5390151.765426465;18024172766.110947;0.9999697814538082;0.15025362988598137
1.0;8837250.607674222;107361815084.29115;0.99316114066359;0.2529434594726845
1.0;15885914.297978;78781445427.2993;0.8308387541405369;0.4558396885399387
1.0;19252436.920956496;225379112146.13535;0.8468160080080037;0.562805180899295
1.0;903494.2966778812;48138207248.15351;0.9999999999997781;0.02866051779639051
1.0;10544691.303896477;38513411879.59953;0.9361422231586406;0.29773766698172777
1.0;17779164.163141627;5089287921.882738;0.7247548622602379;0.4935624574532167
1.0;11536126.06650371;107989997451.4174;0.946591509730438;0.3312405505040098
1.0;16886778.553538006;170480961777.88174;0.8643709956948443;0.4909710636332673
1.0;14440798.805579683;24274319610.85515;0.8256605884958051;0.4071481556074013
1.0;10465138.537540171;210874691985.49585;0.9931364794599215;0.30495012613627814
1.0;13424999.946257513;66712057142.39589;0.8816492200612507;0.38335770287273735
1.0;15000843.788406584;332639819981.36865;0.9618216425876885;0.4419722925214285
1.0;212053.59076337286;267803052243.38968;0.9999999999997184;0.02260113989001386
1.0;12369652.494821656;219697331917.43756;0.9705701650031339;0.360713670942484
1.0;14182088.351654913;218599581034.69583;0.9387244478897872;0.4136180562854514
1.0;1533914.1324847832;253363432625.57324;0.9999999999998906;0.0581972781432114
1.0;17830900.97467747;191681205562.766;0.8566518719874713;0.5196480237174245
1.0;15510965.967209013;26347071792.089584;0.8001735352296815;0.43798913529662437
1.0;18553790.27397535;168210598469.04977;0.8294278835933797;0.5397169440453227
1.0;4785523.002094099;182627949770.4873;0.9999999999611888;0.14375280196957174
1.0;12020454.278695548;197074673530.32935;0.9696363139513823;0.3495772758445628
1.0;17339242.633891456;297975779622.40436;0.9133436427544568;0.509245069681019
1.0;1867476.3686349178;59510077314.38921;0.9999999999998863;0.0559882335046265
1.0;13954638.027769323;338545125103.4504;0.9775709554546643;0.41169844825929486
1.0;109233.04000280482;112221025592.68513;0.9999999999994114;0.010807449286036566
1.0;10250784.90573963;101557022949.36122;0.970247090963782;0.29357025881957116
1.0;20276761.55385658;245689075496.70126;0.8382841420674848;0.5936838134463677
1.0;5078957.09525154;250170103286.00253;0.9999999997034128;0.1556326657976735
1.0;13300268.624168854;39234280376.37702;0.8665961844751545;0.3769173438992619
1.0;1949428.0867383666;99886801684.26901;0.9999999999998953;0.06077755697027494
1.0;20074159.604315184;105422944495.03891;0.7596300083349159;0.5798048146016765
1.0;6086139.931398589;34650569136.89829;0.99988353328256;0.170661315620821
1.0;16262934.040292231;290568321130.39667;0.9286147796566988;0.4773620668772131
1.0;6228028.539918424;289674063685.87225;0.9999999955341855;0.1895488442315619
1.0;8006256.00613532;328004167539.5289;0.9999999571085134;0.24116291232787182
1.0;15222542.715249373;147894322443.37582;0.8871021755069407;0.4410699473646698
1.0;19717464.5371039;161096961754.26624;0.8025305528314951;0.5733811416385562
1.0;16996617.594105557;25143577755.60803;0.7629706581021488;0.47977765564688996
1.0;13055111.222173829;217413517425.30923;0.9585142337288479;0.3806236072912211
1.0;3057355.1592829213;330285614992.1976;0.999999999999939;0.10440835714517824
1.0;12447752.269486085;302782373576.1666;0.9879790944557664;0.3664067871158688
1.0;8961016.881820012;72222882170.97035;0.9838396268703874;0.25458469548281937
1.0;4553028.177337186;149403022688.57785;0.999999999999953;0.1354438325162943
1.0;1250876.3802657083;94489664215.05034;0.9999999999998456;0.04119408799692178
1.0;18260945.705135763;280287790005.54486;0.8904873018972187;0.5357355184123739
1.0;16780819.55809815;257852029358.38876;0.9073473768406957;0.4913935067042974
1.0;508255.26113943703;83018729482.2183;0.9999999999996821;0.02001278985668246
1.0;13872944.966390027;230016882745.7576;0.9484343292268315;0.4050327575156092
1.0;10071396.788325185;301219619116.6832;0.9998884718708317;0.29778632852400216
1.0;17544812.51400653;69613521765.5071;0.7866894329585982;0.5029179251351926
1.0;13179404.124282598;96420838157.12819;0.9045535563636692;0.37839210308814436
1.0;20683968.83362922;15627380777.974913;0.6726206197751322;0.5798039609974911
1.0;9065871.808096796;352951500472.6019;0.9999999508020149;0.2721194813137097
1.0;10367704.312419113;263238766467.46988;0.9986562913290283;0.3044912014237015
1.0;18784225.410344854;242563535766.02017;0.8640257986493366;0.5497349563526235
1.0;18899148.8941043;298919799673.54407;0.887207098254414;0.5551583808325392
1.0;3021501.211662872;7537413244.294525;0.9999999999999243;0.08403178304172075
1.0;14917650.366437232;22006423.945543166;0.7905524571537266;0.41154158940175856
1.0;76434.52961363015;180900848256.48227;0.9999999999995437;0.0139445832797577
1.0;3268930.327972623;85373399920.5034;0.9999999999999339;0.0962541775312321
1.0;8232879.075863433;274766947491.15265;0.9999999608499586;0.2445183322714346
1.0;9386349.709922222;272046353791.03314;0.9999618344090827;0.2768372127220893
1.0;2125001.478695105;19213611832.998013;0.9999999999998945;0.060290540705396724
1.0;7315046.756715353;313942647344.76685;0.9999999743779181;0.22113872007804802
1.0;8529978.681522569;47110080601.75309;0.9838022149289116;0.24060103109206482
1.0;9982994.23903172;121124159313.47401;0.9809577594330742;0.2868096108693311
1.0;16197184.126380416;310796677536.5965;0.9365998071400454;0.4761673004130203
1.0;6770535.530976541;2842904353.461013;0.996877978517439;0.1871128081975913
1.0;10976654.328129126;308523307240.7369;0.9987789904736686;0.3240804012876586
1.0;17997901.9473421;342761264599.98047;0.9187343727277053;0.530154731881335
1.0;15781142.876887256;16505144380.16698;0.7846137993183259;0.44297646832285625
1.0;1400889.1722746887;80290502255.7378;0.9999999999998569;0.044448804394517
1.0;13679865.717387144;335870254654.5859;0.9803595137262563;0.40359426305206064
1.0;5831146.883598678;187157411583.6906;0.9999999988306488;0.17281686401693738
1.0;17242526.0234605;128149050377.45213;0.8326371630894432;0.49908131118780763
1.0;6960995.77307863;60504747520.57827;0.9996616927272668;0.196705074851885
1.0;2316537.9715227294;278916606257.349;0.9999999999999216;0.08117173336021467
1.0;10606227.473493826;333183056660.5764;0.9998521508430858;0.31460261987597904
1.0;9089658.413529132;216473909403.08267;0.9997879708462091;0.2656045200210546
1.0;18213513.026462168;297029382087.003;0.8981908127590086;0.5349246898636589
1.0;4698424.862822772;264750230681.59137;0.9999999999999564;0.14596339395344846
1.0;500213.8020388745;76908286278.30801;0.9999999999996722;0.0194072096138348
1.0;2803730.666867199;316539729365.13995;0.9999999999999342;0.09666790927290263
1.0;16040725.623479687;164312785826.09326;0.8785627177175829;0.4658675859005076
1.0;19511318.68600854;249365332906.0127;0.8539739501853859;0.5713533049850458
1.0;3630035.162530829;239213245421.97894;0.9999999999999447;0.11512406519135711
1.0;7693678.361552474;124296714636.0506;0.9998181539499112;0.22108324081532751
1.0;8147426.06275191;43838826046.77197;0.9889408386096561;0.22942139317111046
1.0;1430017.9451615936;137955309201.522;0.9999999999998694;0.048741382007468095
1.0;4355960.504099371;27589001543.17375;0.999999999999948;0.12244491676151294
1.0;13015985.277283903;194390067102.2177;0.9512889412320521;0.37851650333538767
1.0;5768516.4796533575;355897390404.5092;0.9999999986904169;0.1805108840799342
1.0;2589301.8859517705;323138333392.1686;0.9999999999999302;0.09112869944706983
1.0;19576702.967255253;87923613433.16245;0.7571049603333243;0.563675271111957
1.0;4000860.471992698;268805909884.29785;0.9999999999999499;0.1269825090279365
1.0;20843965.381273285;319145030715.96783;0.8625470761500664;0.6130008811883803
1.0;18449058.963619605;9550184513.945726;0.7141947681822725;0.5146090893804411
1.0;12339353.44833054;135703751618.36452;0.9415511097569387;0.3560820327330875
1.0;677466.9199092482;351646800886.96454;0.9999999999998412;0.04006789843350125
1.0;3288380.7895300575;31357746057.572113;0.9999999999999318;0.0932736516919706
1.0;14316447.735966157;270704899969.46063;0.9543644441182474;0.41959730673163537
1.0;8634231.688971581;53488894995.77376;0.9839056910241607;0.24401782247683332
1.0;10805190.098721752;321097210259.1592;0.9995434310663922;0.31973011962645176
1.0;14719742.35032509;229651745041.5058;0.9331143493272828;0.4298057356614795
1.0;17401558.912925586;89118287860.63074;0.8038566504786738;0.5007737723179894
1.0;15621328.501827657;199262578401.97736;0.903834343507535;0.4550739599102918
1.0;5204204.748860737;211235561053.57468;0.999999999486639;0.15690279745985322
1.0;9524800.765211195;6505193652.931276;0.9445531509676672;0.26448695171987513
1.0;19955607.865583118;116701611427.47389;0.7696879328294335;0.5773320436962739
5700000.0;18120801.499289908;28861334354.222645;0.7603146604729948;0.7311240155191219
5700000.0;8179134.42701836;136413441436.35321;0.9832802491689074;0.4556762678629468
5700000.0;3516656.6200266187;282608993792.4852;0.9999999453919395;0.3327195950573313
5700000.0;296153.0196372904;119603279684.98753;0.9905516746347708;0.2354478698200525
5700000.0;18725810.61347155;189343978624.91617;0.8467970142094857;0.7648386184076841
5700000.0;3377125.476340568;142504471545.03326;0.9943508161945736;0.3216693201608546
5700000.0;20486013.850719515;190088392294.6719;0.8164217636231494;0.8158359690383561
5700000.0;7266242.404300653;122407603254.51537;0.9846429162727026;0.4289868541693275
5700000.0;11432411.391937975;81489640750.4247;0.924144506733121;0.547031790866833
5700000.0;10129799.933126986;241092541934.50375;0.9871901402982665;0.5162774751821934
5700000.0;1830226.6625790466;206860774997.58627;0.9993258205069265;0.28220953823015726
5700000.0;16434634.52236068;317869895270.17474;0.9314070065272712;0.7029613419119676
5700000.0;14841382.256417546;305057784043.6471;0.9504943032635224;0.6559461955570832
5700000.0;2899716.7100451314;309033688150.8452;0.9999999462204151;0.31709805122651746
5700000.0;9209413.704248132;237403841648.91373;0.9910243653983429;0.48963489635516616
5700000.0;5332688.8477860475;152729028639.7584;0.9933613381911386;0.3763692987163938
5700000.0;11929807.801670393;178353740743.38193;0.9552077091956073;0.5661685510841362
5700000.0;16322125.48686989;127305723156.19856;0.858835337879864;0.691803114597951
5700000.0;6651139.815618422;283762149610.89954;0.9983970022956645;0.4197901289178272
5700000.0;19901633.892716546;336175931921.00836;0.8828919897153854;0.8046636544275627
5700000.0;3799025.9719227115;55944484215.33588;0.9782493164415467;0.32855274795365813
5700000.0;5977591.891382357;56363251836.71721;0.9746542396444524;0.38906443159116927
5700000.0;7520053.923926935;221658356295.21072;0.9946463621552321;0.440962033283218
5700000.0;13475636.392793734;33595691509.17331;0.8569846078188684;0.6009305533623598
5700000.0;17922080.9306321;209000637108.77606;0.8696097834027108;0.7423215030084198
5700000.0;8342491.831972022;340196661622.0342;0.9977900877943847;0.47021232113355826
5700000.0;12594028.344751205;67770528163.77381;0.8959718134388046;0.5796308411936436
5700000.0;8805315.457288364;113722741533.47504;0.9739149021016225;0.4726891185260089
5700000.0;19365675.71588579;248069612026.4978;0.8609571805972778;0.7858805402745224
5700000.0;13563524.887069583;167307588591.77853;0.9260211268762535;0.6133400156494893
5700000.0;15812911.16497218;31961718980.168457;0.8080522545732919;0.6668442528405205
5700000.0;8700394.576350506;115738901129.20737;0.9753846958328766;0.46975244034998176
5700000.0;9476192.044468282;165253838963.28177;0.9802431455063537;0.49430962396570927
5700000.0;4388436.342855363;74521847447.75098;0.9821352969050247;0.3460306798626072
5700000.0;20154409.69246208;343551042537.8807;0.8809660517322073;0.8122469474203757
5700000.0;19781868.200983867;104665845391.40662;0.7823274337426953;0.7898821174403177
5700000.0;16489785.866291977;294236034049.90576;0.9236979614997335;0.7036876197770972
5700000.0;3175951.021243453;87229842624.35918;0.9858008757442569;0.31317689289158496
5700000.0;15119744.356513776;222956668915.04025;0.9216484094143472;0.6609881028224286
5700000.0;15126482.941129925;75660734365.91272;0.8517875439894063;0.6534144417379938
5700000.0;14067774.217720896;111771102860.36209;0.8924502921833256;0.6254087856157018
5700000.0;11827799.517182143;118393767854.61453;0.934397884253069;0.5605867347176585
5700000.0;5496175.48252682;235239952097.48917;0.9984196401756924;0.3850534750306151
5700000.0;20379405.83630712;204789517893.71158;0.8251353551852358;0.8134528833874038
5700000.0;10167179.36820239;36375582407.64838;0.9226165968349953;0.5068397473926648
5700000.0;14528468.267848602;145439895670.12988;0.9005154272774836;0.6405669984172883
5700000.0;12110786.630034951;70425750799.22081;0.9063469360268146;0.5658679397084603
5700000.0;15420931.780782826;201213431993.03192;0.9088616162128943;0.6689824257173336
5700000.0;13786203.93345469;176582166268.88992;0.9260152107354201;0.6202179199004724
5700000.0;9320729.409056252;252018936826.5741;0.9917291829400429;0.4934737718805449
5700000.0;11871709.09829056;41391632894.90791;0.894045968664627;0.556193815301416
5700000.0;16660429.21584764;314918180087.3119;0.9272436229577762;0.7094427281482893
5700000.0;7978260.965377884;58269276575.287415;0.9642824956258425;0.44588599222908865
5700000.0;12841792.705729578;256178182533.40735;0.9643958887875599;0.595717411937223
5700000.0;13774636.136733027;157931424357.28043;0.9187817681328212;0.619110193530815
5700000.0;17122785.803822797;93216779856.8645;0.824204837723759;0.7124841187512863
5700000.0;11756310.966747712;172619333997.0637;0.9558387701247075;0.5608839787221869
5700000.0;13226986.206390917;358691588876.06165;0.9801334306490505;0.6110777727015394
5700000.0;667359.1699224948;160577198671.17224;0.9962030156382619;0.24779712482785074
5700000.0;5026785.703244765;42298967993.64098;0.9729319538931243;0.3616560496682353
5700000.0;10876032.244068772;174881526530.74252;0.9681358645836248;0.5353285488041973
5700000.0;16565492.091355322;151994056134.08102;0.8671339347800096;0.7002301811591941
5700000.0;4841816.081293078;102006516980.41798;0.9869788042662733;0.3601328247235358
5700000.0;11237013.936032899;181414483283.17746;0.9654681632084889;0.5460961848154666
5700000.0;7808775.9358133245;205741341275.55078;0.9928620138558246;0.4483345936211575
5700000.0;1051852.126161389;84384611223.94756;0.9844514468149677;0.25434816041965014
5700000.0;11646803.707467262;236071001511.89496;0.973796955810273;0.5601266968326983
5700000.0;6491884.463413765;186052940122.83813;0.994383017958767;0.4103542223466888
5700000.0;5692593.002723287;156027337181.23627;0.9930958321142938;0.38654283344704443
5700000.0;7157581.695748263;232739067738.2225;0.9959915693048933;0.4313290072568221
5700000.0;11347612.897323972;228068637618.7055;0.9753159023440194;0.5511096074445582
5700000.0;7119305.1377972225;154935612355.01105;0.9897124280603181;0.4264184159650852
5700000.0;6578610.42787515;277117307640.95734;0.9983463675087281;0.4174119083297872
5700000.0;7416698.39891063;144232830854.97122;0.9874615630029921;0.43430671073928107
5700000.0;19484527.43614649;254771227517.96652;0.8615612626627036;0.7895918994875685
5700000.0;14629698.381914282;147384266459.59723;0.8996369291333594;0.643610817678381
5700000.0;5608565.322553315;130596296762.0277;0.9901454782751504;0.38292209014152756
5700000.0;3778279.575806734;322443744314.25446;0.9999999449318085;0.3420996798917865
5700000.0;6385792.942866822;64758831712.150505;0.9756288417009593;0.40102386266510814
5700000.0;14232952.811674284;213283177065.42313;0.9321982064035249;0.6346908803262278
5700000.0;18385635.085569456;162745674012.72565;0.8398598365953994;0.7536534031302102
5700000.0;11325153.89979413;98674501844.5926;0.9340702555112469;0.5449582281721743
5700000.0;19000472.509770762;4188905646.3726835;0.7227931193469245;0.7447256019713572
5700000.0;790380.9144907624;90681010532.0419;0.9854836521487201;0.247489855936191
5700000.0;1260102.6457253129;214537430730.6783;0.999517713150858;0.26689046345565354
5700000.0;2645922.425113912;284841337375.0215;0.999999949100616;0.3087859572682151
5700000.0;5940004.186758922;349535993354.5945;0.9997010975116802;0.40351960303678247
5700000.0;19198892.544646673;275812593217.9478;0.8743367062099323;0.7820899775502609
5700000.0;2076571.7950885666;125124228560.80084;0.9925119840373193;0.28482324513242324
5700000.0;19106658.20912289;231494100329.36935;0.8586960336339874;0.7777036984216252
5700000.0;2190717.2075927397;10656320949.519802;0.9629424336704013;0.2800987515619076
5700000.0;12675997.977096444;12394580265.670918;0.8577836252303926;0.5733161982842174
5700000.0;11072007.43682853;134789738580.53366;0.9527686415933031;0.5393791200536028
5700000.0;17174702.803553328;50836740484.531784;0.7950582871160327;0.708943449434231
5700000.0;20221149.564355392;288254277551.7589;0.8615919213099752;0.8122053968988162
5700000.0;9626906.533254882;171019256161.04758;0.9801605329445108;0.4989068232138703
5700000.0;4527254.609116362;20376042712.269592;0.9667959553331228;0.34591787058602774
5700000.0;14562175.089799587;329835918463.3467;0.9601803679648611;0.6487718152324378
5700000.0;15295347.958512554;192978492786.04108;0.9077091217730078;0.6649860565249515
5700000.0;8429558.166642088;200359289933.361;0.9906178177070691;0.4656893937144635
5700000.0;20574744.430070747;184359763400.96603;0.8121211261776428;0.8181098247720311
5700000.0;6307947.473862931;295446556364.3927;0.9988742915773831;0.4108306228377838
5700000.0;4157570.1121646375;244388427873.87848;0.9996737401328449;0.34843613863786543
5700000.0;4081540.4268222186;356304436379.77563;0.9999999499698955;0.3523527795083657
5700000.0;7621777.809959531;176804331460.455;0.9907614662810359;0.4416643041737829
5700000.0;2420318.4816582347;202579899462.72437;0.9991840617450345;0.29827356801899024
5700000.0;1097958.0509098712;141668718232.7262;0.9942991264183962;0.258685479436768
5700000.0;12890936.501391439;110257076175.4247;0.912660183519632;0.5910702694713438
5700000.0;11103252.761538334;324975729801.63727;0.9903521195347548;0.5480086968266492
5700000.0;17690093.915768046;94965997371.19656;0.8145895034905318;0.7289501796212973
5700000.0;7005998.5857921215;325980966652.52594;0.9987547447078636;0.43199385807790575
5700000.0;18951564.7611801;262135235055.7451;0.873429306737149;0.7743842258049652
5700000.0;2461093.4885891494;21798633536.671806;0.9676278636469464;0.2889143363514416
5700000.0;9712655.287796818;49033239221.21148;0.9371346407042986;0.495055294116902
5700000.0;18573534.73203376;196351626902.82956;0.8526960048968417;0.7607329906754625
5700000.0;10747587.396066133;306336826875.5149;0.9903874449355895;0.536906711253481
5700000.0;9879602.189202264;340717331525.9266;0.9952828875155894;0.5136632321810054
5700000.0;12191477.13180818;243713092674.49622;0.969350478239652;0.5762929894850024
5700000.0;16053659.562982947;130961156381.42741;0.8657438840816399;0.6842214058098699
5700000.0;1662744.7511441307;273502979256.1712;0.9999999479939944;0.28106845946747133
5700000.0;3562805.746565275;260561259448.4074;0.9999782748517401;0.3328298909983913
5700000.0;975660.3108112123;259427312994.31516;0.9999906815760236;0.26139021516523564
5700000.0;6864136.069478006;226189937117.14606;0.9962064280016004;0.42277546671943456
5700000.0;15658869.257923434;44678867652.39785;0.8205493826060516;0.6648487444642304
5700000.0;7861440.716092241;64292565764.5647;0.9674480783267229;0.44292322815494656
5700000.0;20797728.794378795;292472297378.61285;0.8533862129982324;0.8290535476333148
5700000.0;4232463.997003846;285961494015.4889;0.9999382831818397;0.35268520144824356
5700000.0;17608852.62301048;346985608230.37634;0.9221317889897114;0.7383489211079945
5700000.0;16862529.73209261;62480771096.16234;0.8092754754176485;0.7017388586879494
5700000.0;4928328.0801674165;348014581919.04706;0.9999706735965129;0.37531761052459633
5700000.0;1761473.6111710074;353698545936.83026;0.9999999458413817;0.28817837071545366
5700000.0;342548.82463707525;157592140972.2774;0.9957841085044252;0.23870327822080684
5700000.0;9826676.565215172;266525034789.09427;0.990993925184196;0.5086271171211693
5700000.0;3907084.1825293396;132258746503.76044;0.9926776970056242;0.33581351028487433
5700000.0;20937418.642917663;51890791066.80725;0.7264064408496617;0.815742904900585
5700000.0;6136252.158779944;140259591973.68726;0.9903419962108818;0.3981253404875515
5700000.0;2702753.9613984213;311690273560.2726;0.9999999476955925;0.31180934416356343
5700000.0;12691100.118824748;344691525651.5691;0.9825784808035154;0.5949070646316489
5700000.0;5257644.812699515;303442105286.098;0.9996957387647422;0.38200804634143487
5700000.0;20627205.403704878;13037200812.238518;0.701052741751407;0.7949993752380444
5700000.0;5390151.765426465;18024172766.110947;0.9644073529116078;0.36956074453963805
5700000.0;8837250.607674222;107361815084.29115;0.9718271963398531;0.47331436400836685
5700000.0;15885914.297978;78781445427.2993;0.8389411299235585;0.6755658698022233
5700000.0;19252436.920956496;225379112146.13535;0.8536374494753326;0.7816895185396199
5700000.0;903494.2966778812;48138207248.15351;0.9744859884949506;0.24801664305152202
5700000.0;10544691.303896477;38513411879.59953;0.9170633677465942;0.5178705399183746
5700000.0;17779164.163141627;5089287921.882738;0.7468899746838098;0.7115486101783396
5700000.0;11536126.06650371;107989997451.4174;0.9347048177525076;0.5515797596867943
5700000.0;16886778.553538006;170480961777.88174;0.8703453364756331;0.71048279645357
5700000.0;14440798.805579683;24274319610.85515;0.8301991503224038;0.6263549729980114
5700000.0;10465138.537540171;210874691985.49585;0.9805402603129649;0.524789249699958
5700000.0;13424999.946257513;66712057142.39589;0.8795819676484631;0.6035534712350847
5700000.0;15000843.788406584;332639819981.36865;0.9552398519241658;0.66168654647638
5700000.0;212053.59076337286;267803052243.38968;0.9999999462737696;0.24081053342382322
5700000.0;12369652.494821656;219697331917.43756;0.9612394582845356;0.5805752961187447
5700000.0;14182088.351654913;218599581034.69583;0.9347687367772052;0.6334049797320147
5700000.0;1533914.1324847832;253363432625.57324;0.9999739290347691;0.2764501336424903
5700000.0;17830900.97467747;191681205562.766;0.8635398962302455;0.7389286379614638
5700000.0;15510965.967209013;26347071792.089584;0.8098500171039377;0.6570300553088957
5700000.0;18553790.27397535;168210598469.04977;0.8396189806545962;0.7588137717037818
5700000.0;4785523.002094099;182627949770.4873;0.9966839224267897;0.3626818925210583
5700000.0;12020454.278695548;197074673530.32935;0.9596445641134519;0.5695385015196396
5700000.0;17339242.633891456;297975779622.40436;0.9119244331035331;0.7286631277934905
5700000.0;1867476.3686349178;59510077314.38921;0.9791863119490608;0.27538568607014535
5700000.0;13954638.027769323;338545125103.4504;0.969314975963159;0.6314055258888492
5700000.0;109233.04000280482;112221025592.68513;0.9890137027654554;0.22990546404571152
5700000.0;10250784.90573963;101557022949.36122;0.9522652699396706;0.5139713455452789
5700000.0;20276761.55385658;245689075496.70126;0.8444105892193345;0.8122042080639557
5700000.0;5078957.09525154;250170103286.00253;0.9991770418227716;0.374240256726869
5700000.0;13300268.624168854;39234280376.37702;0.8644920107173791;0.596827873989154
5700000.0;1949428.0867383666;99886801684.26901;0.9883306117552546;0.27997438615269576
5700000.0;20074159.604315184;105422944495.03891;0.7776088075832156;0.7983385985590774
5700000.0;6086139.931398589;34650569136.89829;0.9680819587693542;0.3905182688787792
5700000.0;16262934.040292231;290568321130.39667;0.9259942655746822;0.6969234244880281
5700000.0;6228028.539918424;289674063685.87225;0.9988542755343048;0.40829018610732554
5700000.0;8006256.00613532;328004167539.5289;0.9979048357216677;0.4601215400390628
5700000.0;15222542.715249373;147894322443.37582;0.8893803657691016;0.6609262007771473
5700000.0;19717464.5371039;161096961754.26624;0.8154071488081478;0.7920990463978882
5700000.0;16996617.594105557;25143577755.60803;0.7791237966898406;0.6984861499298287
5700000.0;13055111.222173829;217413517425.30923;0.9511799525192443;0.600468819099972
5700000.0;3057355.1592829213;330285614992.1976;0.999999947728705;0.32261608260660596
5700000.0;12447752.269486085;302782373576.1666;0.9782206669680387;0.5860796552541357
5700000.0;8961016.881820012;72222882170.97035;0.95847959477834;0.4750392485023669
5700000.0;4553028.177337186;149403022688.57785;0.9940304716991293;0.3545751094152716
5700000.0;1250876.3802657083;94489664215.05034;0.9868299028328388;0.2604048918008638
5700000.0;18260945.705135763;280287790005.54486;0.8914583289454415;0.7549377439294644
5700000.0;16780819.55809815;257852029358.38876;0.9074917881862837;0.7108691782467899
5700000.0;508255.26113943703;83018729482.2183;0.9833204657092574;0.23927935363587005
5700000.0;13872944.966390027;230016882745.7576;0.9431070420778611;0.6248037608581971
5700000.0;10071396.788325185;301219619116.6832;0.9926013931048134;0.5172281666965427
5700000.0;17544812.51400653;69613521765.5071;0.8009819628066895;0.7221251309709587
5700000.0;13179404.124282598;96420838157.12819;0.9006843410567611;0.5986526697310673
5700000.0;20683968.83362922;15627380777.974913;0.7022744759301588;0.7978482375984539
5700000.0;9065871.808096796;352951500472.6019;0.9971728878094647;0.49125689789431165
5700000.0;10367704.312419113;263238766467.46988;0.9882421096348297;0.5240745731452099
5700000.0;18784225.410344854;242563535766.02017;0.8686895699640736;0.7687665568945812
5700000.0;18899148.8941043;298919799673.54407;0.8874243925651546;0.7742195110072879
5700000.0;3021501.211662872;7537413244.294525;0.9625586373012299;0.3025402485472035
5700000.0;14917650.366437232;22006423.945543166;0.8003204229572688;0.6290868286537856
5700000.0;76434.52961363015;180900848256.48227;0.9977775992257273;0.2325726861702556
5700000.0;3268930.327972623;85373399920.5034;0.9853722501748211;0.31564386355486707
5700000.0;8232879.075863433;274766947491.15265;0.9958358954484848;0.46369000505918245
5700000.0;9386349.709922222;272046353791.03314;0.9928617698172094;0.49626981476816423
5700000.0;2125001.478695105;19213611832.998013;0.9662977719940964;0.2793668397123914
5700000.0;7315046.756715353;313942647344.76685;0.9983165847769799;0.4399845113190263
5700000.0;8529978.681522569;47110080601.75309;0.9536191051979167;0.46091691940523977
5700000.0;9982994.23903172;121124159313.47401;0.9630871909953403;0.5071377129384753
5700000.0;16197184.126380416;310796677536.5965;0.9328818463673152;0.6957578591757941
5700000.0;6770535.530976541;2842904353.461013;0.9522496631495776;0.4052147284753663
5700000.0;10976654.328129126;308523307240.7369;0.9895030335073687;0.5436177454627952
5700000.0;17997901.9473421;342761264599.98047;0.9151318506985052;0.749544686168478
5700000.0;15781142.876887256;16505144380.16698;0.7964784381445777;0.6616379175039011
5700000.0;1400889.1722746887;80290502255.7378;0.9839175652951876;0.2637469491220559
5700000.0;13679865.717387144;335870254654.5859;0.9718231064405923;0.6232915288589669
5700000.0;5831146.883598678;187157411583.6906;0.9956506015384734;0.3919612497322911
5700000.0;17242526.0234605;128149050377.45213;0.84229673736527;0.7185380449513714
5700000.0;6960995.77307863;60504747520.57827;0.9722655154219415;0.4169984070121853
5700000.0;2316537.9715227294;278916606257.349;0.9999999494982108;0.29938200362047884
5700000.0;10606227.473493826;333183056660.5764;0.9929034238731538;0.5340712983990931
5700000.0;9089658.413529132;216473909403.08267;0.9896988461086049;0.48528687355588784
5700000.0;18213513.026462168;297029382087.003;0.8978944044395579;0.7541671625647587
5700000.0;4698424.862822772;264750230681.59137;0.9996546494159626;0.36445876080770484
5700000.0;500213.8020388745;76908286278.30801;0.981804948219873;0.23870292949692284
5700000.0;2803730.666867199;316539729365.13995;0.9999999513376748;0.3148603307181122
5700000.0;16040725.623479687;164312785826.09326;0.8825102372375674;0.6855459270671181
5700000.0;19511318.68600854;249365332906.0127;0.8589788757021117;0.7901617479121594
5700000.0;3630035.162530829;239213245421.97894;0.9998023091790109;0.33357939391066965
5700000.0;7693678.361552474;124296714636.0506;0.9833695572543776;0.44123941197890987
5700000.0;8147426.06275191;43838826046.77197;0.9569106546665127;0.44969476780498546
5700000.0;1430017.9451615936;137955309201.522;0.9939928450194064;0.26764939082483047
5700000.0;4355960.504099371;27589001543.17375;0.9694554749408789;0.3418700002633589
5700000.0;13015985.277283903;194390067102.2177;0.9444911564647451;0.5984486628186424
5700000.0;5768516.4796533575;355897390404.5092;0.9998122779084433;0.3990904112351786
5700000.0;2589301.8859517705;323138333392.1686;0.9999999492810245;0.30930634361420867
5700000.0;19576702.967255253;87923613433.16245;0.7754666033888746;0.7823329091075967
5700000.0;4000860.471992698;268805909884.29785;0.9999318427260463;0.3453720052370024
5700000.0;20843965.381273285;319145030715.96783;0.8617585061306847;0.8313457022071318
5700000.0;18449058.963619605;9550184513.945726;0.7379391065039739;0.7327487567531982
5700000.0;12339353.44833054;135703751618.36452;0.93326343234845;0.5762906844301915
5700000.0;677466.9199092482;351646800886.96454;0.9999999468785153;0.2581954596422033
5700000.0;3288380.7895300575;31357746057.572113;0.9712947567303354;0.31263768332158676
5700000.0;14316447.735966157;270704899969.46063;0.9485776003393902;0.6392899105543458
5700000.0;8634231.688971581;53488894995.77376;0.955026041664483;0.4643935308542276
5700000.0;10805190.098721752;321097210259.1592;0.9913295854970183;0.5392308361698218
5700000.0;14719742.35032509;229651745041.5058;0.9301387407548202;0.6495381997237426
5700000.0;17401558.912925586;89118287860.63074;0.8163745129986195;0.7201216646137049
5700000.0;15621328.501827657;199262578401.97736;0.9047863789852609;0.6747679653129086
5700000.0;5204204.748860737;211235561053.57468;0.9978509896078301;0.37572824011591793
5700000.0;9524800.765211195;6505193652.931276;0.9159565774665309;0.4831107026326533
5700000.0;19955607.865583118;116701611427.47389;0.7865051614057905;0.7959163985715784
11400000.0;18120801.499289908;28861334354.222645;0.685380634103182;0.948388590719591
11400000.0;8179134.42701836;136413441436.35321;0.8605904422604975;0.6787700889744248
11400000.0;3516656.6200266187;282608993792.4852;0.904042597127511;0.5555474900903253
11400000.0;296153.0196372904;119603279684.98753;0.8423095221730866;0.45949849383561614
11400000.0;18725810.61347155;189343978624.91617;0.7647112670521425;0.9831802671974755
11400000.0;3377125.476340568;142504471545.03326;0.8624580411001967;0.5454908712597432
11400000.0;20486013.850719515;190088392294.6719;0.740226798139683;1.0332560668539466
11400000.0;7266242.404300653;122407603254.51537;0.8573646959033113;0.6522470138215365
11400000.0;11432411.391937975;81489640750.4247;0.8095023390104084;0.7684468563939211
11400000.0;10129799.933126986;241092541934.50375;0.8858269495039239;0.738712239452025
11400000.0;1830226.6625790466;206860774997.58627;0.8811359169504758;0.5059594516994992
11400000.0;16434634.52236068;317869895270.17474;0.8408711662460918;0.9221135165596231
11400000.0;14841382.256417546;305057784043.6471;0.8574640610493205;0.8760072435351421
11400000.0;2899716.7100451314;309033688150.8452;0.9092065557281158;0.5396994145080304
11400000.0;9209413.704248132;237403841648.91373;0.8889082877311204;0.7122979379058699
11400000.0;5332688.8477860475;152729028639.7584;0.8687136061105227;0.5999368501538589
11400000.0;11929807.801670393;178353740743.38193;0.8492310079456333;0.7880386286040498
11400000.0;16322125.48686989;127305723156.19856;0.7692803570974226;0.9112663200615122
11400000.0;6651139.815618422;283762149610.89954;0.9041806699007818;0.6423034320075809
11400000.0;19901633.892716546;336175931921.00836;0.7976040339088315;1.0215858939959113
11400000.0;3799025.9719227115;55944484215.33588;0.8260273975622278;0.551303947724215
11400000.0;5977591.891382357;56363251836.71721;0.8298620628116926;0.611575549488368
11400000.0;7520053.923926935;221658356295.21072;0.8887231527730628;0.6639684398789985
11400000.0;13475636.392793734;33595691509.17331;0.7539068935311424;0.8198701568726054
11400000.0;17922080.9306321;209000637108.77606;0.7840451451145244;0.961046981483957
11400000.0;8342491.831972022;340196661622.0342;0.9129278355149231;0.6920711353882293
11400000.0;12594028.344751205;67770528163.77381;0.7873651726593442;0.8001705120957511
11400000.0;8805315.457288364;113722741533.47504;0.8491425420215567;0.6954862901308712
11400000.0;19365675.71588579;248069612026.4978;0.7785272449541597;1.0036821103248414
11400000.0;13563524.887069583;167307588591.77853;0.8250824187285987;0.8344154038468139
11400000.0;15812911.16497218;31961718980.168457;0.719990070081089;0.8849322076665497
11400000.0;8700394.576350506;115738901129.20737;0.8505086418479856;0.6925915628489462
11400000.0;9476192.044468282;165253838963.28177;0.8656772589876811;0.7171188326923597
11400000.0;4388436.342855363;74521847447.75098;0.8365399720578433;0.5692056095560053
11400000.0;20154409.69246208;343551042537.8807;0.7956790762193232;1.028947440300182
11400000.0;19781868.200983867;104665845391.40662;0.7088585607490087;1.007564562850348
11400000.0;16489785.866291977;294236034049.90576;0.8332691623791465;0.9229379631415172
11400000.0;3175951.021243453;87229842624.35918;0.8392013205434913;0.5367058402325726
11400000.0;15119744.356513776;222956668915.04025;0.8272782403018576;0.8812380262934771
11400000.0;15126482.941129925;75660734365.91272;0.757560430388811;0.872832026114937
11400000.0;14067774.217720896;111771102860.36209;0.7922221283589883;0.8458826338110851
11400000.0;11827799.517182143;118393767854.61453;0.8239476033636431;0.7822925456145658
11400000.0;5496175.48252682;235239952097.48917;0.893264343177183;0.6081410268275109
11400000.0;20379405.83630712;204789517893.71158;0.7477788453101395;1.0308810122665408
11400000.0;10167179.36820239;36375582407.64838;0.7970684018563388;0.7273268321522977
11400000.0;14528468.267848602;145439895670.12988;0.8027104148619795;0.8610514297523099
11400000.0;12110786.630034951;70425750799.22081;0.7950550567530351;0.7867246194506461
11400000.0;15420931.780782826;201213431993.03192;0.814996541023887;0.8890920164808518
11400000.0;13786203.93345469;176582166268.88992;0.82618811991356;0.8411960780087204
11400000.0;9320729.409056252;252018936826.5741;0.8922300582717301;0.7160250798073883
11400000.0;11871709.09829056;41391632894.90791;0.7803733960783258;0.77623976917194
11400000.0;16660429.21584764;314918180087.3119;0.8371015792823301;0.9284853469180099
11400000.0;7978260.965377884;58269276575.287415;0.8271190365933175;0.6679428101807015
11400000.0;12841792.705729578;256178182533.40735;0.8666669606801948;0.8170216931421399
11400000.0;13774636.136733027;157931424357.28043;0.8182977511349597;0.840054065403117
11400000.0;17122785.803822797;93216779856.8645;0.7396679162278231;0.9312666839739022
11400000.0;11756310.966747712;172619333997.0637;0.8488360578715143;0.7828324080219297
11400000.0;13226986.206390917;358691588876.06165;0.8896752831639001;0.8316182748950642
11400000.0;667359.1699224948;160577198671.17224;0.8612064041826141;0.471879394193146
11400000.0;5026785.703244765;42298967993.64098;0.8219187025948168;0.5837410602314199
11400000.0;10876032.244068772;174881526530.74252;0.8587014289271673;0.7576726368461071
11400000.0;16565492.091355322;151994056134.08102;0.7780484476202622;0.919684736629739
11400000.0;4841816.081293078;102006516980.41798;0.8492809707296517;0.5836343961273516
11400000.0;11237013.936032899;181414483283.17746;0.8577411080628312;0.7682862361419155
11400000.0;7808775.9358133245;205741341275.55078;0.8840207277627856;0.6714097045689351
11400000.0;1051852.126161389;84384611223.94756;0.8294316995290243;0.47800930401213115
11400000.0;11646803.707467262;236071001511.89496;0.8728556095682295;0.7820461002362809
11400000.0;6491884.463413765;186052940122.83813;0.8795848823438437;0.6336658754119567
11400000.0;5692593.002723287;156027337181.23627;0.8700109451168105;0.6100604641408596
11400000.0;7157581.695748263;232739067738.2225;0.891929909940971;0.6542760377857664
11400000.0;11347612.897323972;228068637618.7055;0.8730930904959672;0.7731761222566061
11400000.0;7119305.1377972225;154935612355.01105;0.869264356859115;0.649775430866646
11400000.0;6578610.42787515;277117307640.95734;0.9028012068890781;0.6399942598906008
11400000.0;7416698.39891063;144232830854.97122;0.8651579421711154;0.6576070494256077
11400000.0;19484527.43614649;254771227517.96652;0.7791809634868909;1.0072911873600272
11400000.0;14629698.381914282;147384266459.59723;0.8022704074155954;0.8640500266289273
11400000.0;5608565.322553315;130596296762.0277;0.8610338967737097;0.6064558345851943
11400000.0;3778279.575806734;322443744314.25446;0.9127040917649222;0.5644584780686133
11400000.0;6385792.942866822;64758831712.150505;0.8338247783463079;0.6237041807995956
11400000.0;14232952.811674284;213283177065.42313;0.8350714682320859;0.8554366926914174
11400000.0;18385635.085569456;162745674012.72565;0.7577064160454335;0.9722032430790316
11400000.0;11325153.89979413;98674501844.5926;0.819876026203767;0.7666922518388336
11400000.0;19000472.509770762;4188905646.3726835;0.656252333940041;0.9620099654473521
11400000.0;790380.9144907624;90681010532.0419;0.8312552532880847;0.4712677257590202
11400000.0;1260102.6457253129;214537430730.6783;0.8818705898748628;0.4906280753982426
11400000.0;2645922.425113912;284841337375.0215;0.9035152840163846;0.531688470089887
11400000.0;5940004.186758922;349535993354.5945;0.9174264596777868;0.6254073360371196
11400000.0;19198892.544646673;275812593217.9478;0.7903004386792254;0.9998374888895928
11400000.0;2076571.7950885666;125124228560.80084;0.8522061101161892;0.5087809777730687
11400000.0;19106658.20912289;231494100329.36935;0.7761691758940438;0.9957174553207027
11400000.0;2190717.2075927397;10656320949.519802;0.7926908065477508;0.4996216260893364
11400000.0;12675997.977096444;12394580265.670918;0.7500119072412907;0.7914368180881195
11400000.0;11072007.43682853;134789738580.53366;0.8400116636774071;0.7615302502102298
11400000.0;17174702.803553328;50836740484.531784;0.7132303190727566;0.9270207353824383
11400000.0;20221149.564355392;288254277551.7589;0.7795080238174453;1.029281764975753
11400000.0;9626906.533254882;171019256161.04758;0.8668660724256781;0.721675674026374
11400000.0;4527254.609116362;20376042712.269592;0.8086678880082316;0.566589542893016
11400000.0;14562175.089799587;329835918463.3467;0.8676051559193542;0.8688447730244904
11400000.0;15295347.958512554;192978492786.04108;0.8133486577405318;0.8851706840037211
11400000.0;8429558.166642088;200359289933.361;0.8811111428921009;0.68869921685032
11400000.0;20574744.430070747;184359763400.96603;0.7365473238336959;1.035498450262085
11400000.0;6307947.473862931;295446556364.3927;0.9068833293248536;0.6332462487602084
11400000.0;4157570.1121646375;244388427873.87848;0.8951974100659927;0.5715720655090455
11400000.0;4081540.4268222186;356304436379.77563;0.9189561591939547;0.5742874585566304
11400000.0;7621777.809959531;176804331460.455;0.8757228530118691;0.6648969146060619
11400000.0;2420318.4816582347;202579899462.72437;0.8812234617132157;0.5219909481318581
11400000.0;1097958.0509098712;141668718232.7262;0.8554975489745203;0.48276757742522514
11400000.0;12890936.501391439;110257076175.4247;0.8068714910745858;0.8121666308398875
11400000.0;11103252.761538334;324975729801.63727;0.9001348419052437;0.7696071675730188
11400000.0;17690093.915768046;94965997371.19656;0.7326666293592049;0.947507436435624
11400000.0;7005998.5857921215;325980966652.52594;0.9122870181070579;0.6540537861624566
11400000.0;18951564.7611801;262135235055.7451;0.789261868200269;0.9923423916960302
11400000.0;2461093.4885891494;21798633536.671806;0.8014138657653852;0.5098295116570158
11400000.0;9712655.287796818;49033239221.21148;0.8093757755824103;0.7162496391450909
11400000.0;18573534.73203376;196351626902.82956;0.7697963376128102;0.979141593353828
11400000.0;10747587.396066133;306336826875.5149;0.8983070232391553;0.758757404746247
11400000.0;9879602.189202264;340717331525.9266;0.9090834371157448;0.7354085036321943
11400000.0;12191477.13180818;243713092674.49622;0.8698058821530167;0.797940814579559
11400000.0;16053659.562982947;130961156381.42741;0.7748565849118751;0.9038404049700213
11400000.0;1662744.7511441307;273502979256.1712;0.8991761162264134;0.5042025795567328
11400000.0;3562805.746565275;260561259448.4074;0.8988315234357744;0.555884057795694
11400000.0;975660.3108112123;259427312994.31516;0.894010294770389;0.4847441607593311
11400000.0;6864136.069478006;226189937117.14606;0.8905230515628929;0.6457914492879393
11400000.0;15658869.257923434;44678867652.39785;0.730707919161488;0.8833502203489353
11400000.0;7861440.716092241;64292565764.5647;0.8306577551167842;0.6651792227710547
11400000.0;20797728.794378795;292472297378.61285;0.7723781973536611;1.0457617421581984
11400000.0;4232463.997003846;285961494015.4889;0.9052126869248879;0.5754032861771986
11400000.0;17608852.62301048;346985608230.37634;0.8331651892656763;0.9566313005545659
11400000.0;16862529.73209261;62480771096.16234;0.7250300857522329;0.9201663951151227
11400000.0;4928328.0801674165;348014581919.04706;0.9176309553033988;0.5973091931384952
11400000.0;1761473.6111710074;353698545936.83026;0.9168419105106883;0.5103745416902239
11400000.0;342548.82463707525;157592140972.2774;0.8586112884481834;0.4628003178761086
11400000.0;9826676.565215172;266525034789.09427;0.893792143077907;0.7309874439821243
11400000.0;3907084.1825293396;132258746503.76044;0.8595987591401085;0.5595534024508225
11400000.0;20937418.642917663;51890791066.80725;0.6619796911384203;1.0323359386288904
11400000.0;6136252.158779944;140259591973.68726;0.8646714206791921;0.621599836820276
11400000.0;2702753.9613984213;311690273560.2726;0.9095591129454648;0.5344007249992693
11400000.0;12691100.118824748;344691525651.5691;0.8918899456206598;0.8157708142203861
11400000.0;5257644.812699515;303442105286.098;0.9090075903848936;0.604459189653065
11400000.0;20627205.403704878;13037200812.238518;0.6406832457240552;1.011772151692646
11400000.0;5390151.765426465;18024172766.110947;0.8089441004128051;0.5899204868734996
11400000.0;8837250.607674222;107361815084.29115;0.8462400732809526;0.6960491191654818
11400000.0;15885914.297978;78781445427.2993;0.7487359572674086;0.8946943575130987
11400000.0;19252436.920956496;225379112146.13535;0.7718131708699604;0.9996533445334241
11400000.0;903494.2966778812;48138207248.15351;0.8087981471300197;0.4706519847898238
11400000.0;10544691.303896477;38513411879.59953;0.7943235623127306;0.7383288182118237
11400000.0;17779164.163141627;5089287921.882738;0.6735643166993566;0.92886122465961
11400000.0;11536126.06650371;107989997451.4174;0.8221964810713321;0.7733282668726248
11400000.0;16886778.553538006;170480961777.88174;0.7821075531379866;0.9297981899561986
11400000.0;14440798.805579683;24274319610.85515;0.734058289433683;0.8445847179171694
11400000.0;10465138.537540171;210874691985.49585;0.8747967449335972;0.7472366358622907
11400000.0;13424999.946257513;66712057142.39589;0.7757364274966797;0.8236148990853907
11400000.0;15000843.788406584;332639819981.36865;0.8629855697439625;0.881509001197639
11400000.0;212053.59076337286;267803052243.38968;0.894266545516251;0.4641476023719177
11400000.0;12369652.494821656;219697331917.43756;0.8598284808991604;0.8022061409604694
11400000.0;14182088.351654913;218599581034.69583;0.8376897943799896;0.8541682685197908
11400000.0;1533914.1324847832;253363432625.57324;0.8936837700665624;0.49980623251020523
11400000.0;17830900.97467747;191681205562.766;0.7782188293796333;0.9577389676442649
11400000.0;15510965.967209013;26347071792.089584;0.7203972453953604;0.8750295981008398
11400000.0;18553790.27397535;168210598469.04977;0.7578402231724354;0.9772758566082254
11400000.0;4785523.002094099;182627949770.4873;0.8781267399005442;0.5862132742862406
11400000.0;12020454.278695548;197074673530.32935;0.8554905495618172;0.7913624713184362
11400000.0;17339242.633891456;297975779622.40436;0.8231453112566761;0.9473970525722106
11400000.0;1867476.3686349178;59510077314.38921;0.8204259086480422;0.498390491150508
11400000.0;13954638.027769323;338545125103.4504;0.8770060043211613;0.8517420050940757
11400000.0;109233.04000280482;112221025592.68513;0.837885188330079;0.45391464625424083
11400000.0;10250784.90573963;101557022949.36122;0.8326185855361831;0.7361781015443746
11400000.0;20276761.55385658;245689075496.70126;0.7646823441731202;1.0295087990904979
11400000.0;5078957.09525154;250170103286.00253;0.8969791395214148;0.5972401077075277
11400000.0;13300268.624168854;39234280376.37702;0.7600995979760754;0.8160736220565107
11400000.0;1949428.0867383666;99886801684.26901;0.8408303885739623;0.5037797689756301
11400000.0;20074159.604315184;105422944495.03891;0.7052208537917002;1.0158738584859917
11400000.0;6086139.931398589;34650569136.89829;0.8186768290574399;0.6120802543946366
11400000.0;16262934.040292231;290568321130.39667;0.835110177192948;0.9163128574841907
11400000.0;6228028.539918424;289674063685.87225;0.905727425117843;0.6307756756732915
11400000.0;8006256.00613532;328004167539.5289;0.9113436155456057;0.6821136224093678
11400000.0;15222542.715249373;147894322443.37582;0.7945136358070808;0.8810500333492639
11400000.0;19717464.5371039;161096961754.26624;0.7382479431104176;1.0099770986317864
11400000.0;16996617.594105557;25143577755.60803;0.6985406416107409;0.9160099236080375
11400000.0;13055111.222173829;217413517425.30923;0.8510966281173397;0.821784151733275
11400000.0;3057355.1592829213;330285614992.1976;0.913677388652867;0.544948512259817
11400000.0;12447752.269486085;302782373576.1666;0.8842137273070048;0.8073231796817821
11400000.0;8961016.881820012;72222882170.97035;0.8285940029294558;0.697184897834595
11400000.0;4553028.177337186;149403022688.57785;0.8668305468553983;0.5782340162032534
11400000.0;1250876.3802657083;94489664215.05034;0.8353711477111453;0.4842046426227323
11400000.0;18260945.705135763;280287790005.54486;0.8049539415530883;0.9732077348001491
11400000.0;16780819.55809815;257852029358.38876;0.8177299871564949;0.9301046917443697
11400000.0;508255.26113943703;83018729482.2183;0.8258081439432333;0.4629403100310835
11400000.0;13872944.966390027;230016882745.7576;0.8456625067575193;0.8456985361135102
11400000.0;10071396.788325185;301219619116.6832;0.9006032075749503;0.7392823859302757
11400000.0;17544812.51400653;69613521765.5071;0.7197933119989587;0.9404032073930313
11400000.0;13179404.124282598;96420838157.12819;0.7958916952253373;0.8194242069964013
11400000.0;20683968.83362922;15627380777.974913;0.6416905228317987;1.0145387520933415
11400000.0;9065871.808096796;352951500472.6019;0.9135535252662262;0.7129477248052815
11400000.0;10367704.312419113;263238766467.46988;0.8903337935653898;0.7463248832963002
11400000.0;18784225.410344854;242563535766.02017;0.7847603658004015;0.9869076133054904
11400000.0;18899148.8941043;298919799673.54407;0.8017816251240514;0.9920081960335081
11400000.0;3021501.211662872;7537413244.294525;0.7950116272616755;0.5215337120246742
11400000.0;14917650.366437232;22006423.945543166;0.7099711002768303;0.8466279055106091
11400000.0;76434.52961363015;180900848256.48227;0.8663193019186339;0.45659919319100895
11400000.0;3268930.327972623;85373399920.5034;0.8386327120751511;0.5391364828036793
11400000.0;8232879.075863433;274766947491.15265;0.9003179755244903;0.6861939286395844
11400000.0;9386349.709922222;272046353791.03314;0.8967861941577914;0.7186679278018648
11400000.0;2125001.478695105;19213611832.998013;0.7979914287198508;0.5000312055993043
11400000.0;7315046.756715353;313942647344.76685;0.9096613572540975;0.6621523377465021
11400000.0;8529978.681522569;47110080601.75309;0.8179554360191712;0.6824218173591
11400000.0;9982994.23903172;121124159313.47401;0.8442447528549041;0.7296308460377936
11400000.0;16197184.126380416;310796677536.5965;0.8419404608413754;0.9150806785388106
11400000.0;6770535.530976541;2842904353.461013;0.7994589037388883;0.6232518322931657
11400000.0;10976654.328129126;308523307240.7369;0.8974093839506583;0.7653821163231296
11400000.0;17997901.9473421;342761264599.98047;0.8267631415059374;0.9676172377389728
11400000.0;15781142.876887256;16505144380.16698;0.7096403821362847;0.8792587365575322
11400000.0;1400889.1722746887;80290502255.7378;0.8290755837712315;0.4873084029526397
11400000.0;13679865.717387144;335870254654.5859;0.8794895258748967;0.8437750985117956
11400000.0;5831146.883598678;187157411583.6906;0.8800092222805361;0.615340487689614
11400000.0;17242526.0234605;128149050377.45213;0.7568802369109267;0.9375621019482759
11400000.0;6960995.77307863;60504747520.57827;0.8311723290435619;0.6394018329798513
11400000.0;2316537.9715227294;278916606257.349;0.9016301891187096;0.5223851858517012
11400000.0;10606227.473493826;333183056660.5764;0.9046060353638531;0.7557485536825296
11400000.0;9089658.413529132;216473909403.08267;0.8836610326307025;0.7080857606077104
11400000.0;18213513.026462168;297029382087.003;0.810863610129655;0.9723772914917282
11400000.0;4698424.862822772;264750230681.59137;0.9004567706877062;0.5873514085608619
11400000.0;500213.8020388745;76908286278.30801;0.8225328970450941;0.46224342790158124
11400000.0;2803730.666867199;316539729365.13995;0.9106820909891401;0.5373856367246408
11400000.0;16040725.623479687;164312785826.09326;0.7909481294485259;0.9052896008627057
11400000.0;19511318.68600854;249365332906.0127;0.7769158525117554;1.0078716476018135
11400000.0;3630035.162530829;239213245421.97894;0.8934300134242001;0.5568276992847411
11400000.0;7693678.361552474;124296714636.0506;0.8572719734943712;0.664401071152096
11400000.0;8147426.06275191;43838826046.77197;0.8184834326836349;0.6711720848096923
11400000.0;1430017.9451615936;137955309201.522;0.8552620316781591;0.4917017639416483
11400000.0;4355960.504099371;27589001543.17375;0.8123956859277809;0.5631709058956661
11400000.0;13015985.277283903;194390067102.2177;0.8429456157742096;0.8198095093555411
11400000.0;5768516.4796533575;355897390404.5092;0.9186199060677057;0.6209298139153313
11400000.0;2589301.8859517705;323138333392.1686;0.9118180066642271;0.5317769993187149
11400000.0;19576702.967255253;87923613433.16245;0.7022736572829916;0.9999545067500981
11400000.0;4000860.471992698;268805909884.29785;0.90114773729279;0.5682898525598498
11400000.0;20843965.381273285;319145030715.96783;0.7791949248714896;1.0478163927224031
11400000.0;18449058.963619605;9550184513.945726;0.6674853014610499;0.9498822893423856
11400000.0;12339353.44833054;135703751618.36452;0.8261028515502634;0.7978627765862729
11400000.0;677466.9199092482;351646800886.96454;0.9149318898944381;0.48054403697148446
11400000.0;3288380.7895300575;31357746057.572113;0.8109270958095136;0.5342699032037659
11400000.0;14316447.735966157;270704899969.46063;0.8537243776855373;0.8598094928729951
11400000.0;8634231.688971581;53488894995.77376;0.8208174807094349;0.6861055460649079
11400000.0;10805190.098721752;321097210259.1592;0.9011055315074498;0.7609566967941762
11400000.0;14719742.35032509;229651745041.5058;0.8348699185073235;0.8699869174751034
11400000.0;17401558.912925586;89118287860.63074;0.7333862164233315;0.9387357472888522
11400000.0;15621328.501827657;199262578401.97736;0.8115485533351137;0.8947639969822784
11400000.0;5204204.748860737;211235561053.57468;0.8868294999965565;0.5990371227939504
11400000.0;9524800.765211195;6505193652.931276;0.7837519077086031;0.7013702917672747
11400000.0;19955607.865583118;116701611427.47389;0.7129373131211842;1.0135892270761726
17100000.0;18120801.499289908;28861334354.222645;0.6008065889823677;1.1653505107720172
17100000.0;8179134.42701836;136413441436.35321;0.7311150159665158;0.900167493774044
17100000.0;3516656.6200266187;282608993792.4852;0.7741591929029843;0.7783071158082191
17100000.0;296153.0196372904;119603279684.98753;0.6987257491453428;0.6823553275863343
17100000.0;18725810.61347155;189343978624.91617;0.6662633483787782;1.2002046353437081
17100000.0;3377125.476340568;142504471545.03326;0.7256432142461436;0.768192599977063
17100000.0;20486013.850719515;190088392294.6719;0.6472069664964826;1.2495053100970908
17100000.0;7266242.404300653;122407603254.51537;0.7258950192310288;0.8737855756294297
17100000.0;11432411.391937975;81489640750.4247;0.6914065835151545;0.9878098864811361
17100000.0;10129799.933126986;241092541934.50375;0.7603242741020774;0.9596867532958513
17100000.0;1830226.6625790466;206860774997.58627;0.7442580367927145;0.7292139218538037
17100000.0;16434634.52236068;317869895270.17474;0.7284273152436699;1.140067662293312
17100000.0;14841382.256417546;305057784043.6471;0.7422075931440151;1.0948592394067744
17100000.0;2899716.7100451314;309033688150.8452;0.779955933901525;0.7624474543902371
17100000.0;9209413.704248132;237403841648.91373;0.7620401982111101;0.9336220870021021
17100000.0;5332688.8477860475;152729028639.7584;0.7352940144080841;0.822235198172214
17100000.0;11929807.801670393;178353740743.38193;0.7290233646742013;1.0081472130457523
17100000.0;16322125.48686989;127305723156.19856;0.6676812492380005;1.1291979760633881
17100000.0;6651139.815618422;283762149610.89954;0.777518030415717;0.8643119285621677
17100000.0;19901633.892716546;336175931921.00836;0.692401271252196;1.2377490513121088
17100000.0;3799025.9719227115;55944484215.33588;0.6869914634280181;0.7722002452527112
17100000.0;5977591.891382357;56363251836.71721;0.6949966697096256;0.8321358576766272
17100000.0;7520053.923926935;221658356295.21072;0.7599414209371573;0.8858930827211796
17100000.0;13475636.392793734;33595691509.17331;0.6485369655071407;1.0376593158779637
17100000.0;17922080.9306321;209000637108.77606;0.6816754038470306;1.1784685773461767
17100000.0;8342491.831972022;340196661622.0342;0.7886183036240734;0.9133208716351616
17100000.0;12594028.344751205;67770528163.77381;0.6749499144623079;1.0188577820086107
17100000.0;8805315.457288364;113722741533.47504;0.7211500647150464;0.916416845456397
17100000.0;19365675.71588579;248069612026.4978;0.6774547398423041;1.220341366276454
17100000.0;13563524.887069583;167307588591.77853;0.7109006617807906;1.0538099362544444
17100000.0;15812911.16497218;31961718980.168457;0.6253749802345371;1.102244290781942
17100000.0;8700394.576350506;115738901129.20737;0.7222403557653829;0.913588197222212
17100000.0;9476192.044468282;165253838963.28177;0.7389909995808959;0.9382166644570775
17100000.0;4388436.342855363;74521847447.75098;0.6988608788073519;0.790561613839405
17100000.0;20154409.69246208;343551042537.8807;0.6909246561755545;1.244995775201194
17100000.0;19781868.200983867;104665845391.40662;0.6217826703942495;1.2241281257268954
17100000.0;16489785.866291977;294236034049.90576;0.7220526240900815;1.1409539538945437
17100000.0;3175951.021243453;87229842624.35918;0.6998451305518956;0.7586007784735782
17100000.0;15119744.356513776;222956668915.04025;0.7157421614942133;1.100084282401538
17100000.0;15126482.941129925;75660734365.91272;0.6554520961041064;1.090785104668262
17100000.0;14067774.217720896;111771102860.36209;0.6829543312524193;1.0646214072517721
17100000.0;11827799.517182143;118393767854.61453;0.7055770715745532;1.0020009132433052
17100000.0;5496175.48252682;235239952097.48917;0.7635012289535756;0.8305415787162894
17100000.0;20379405.83630712;204789517893.71158;0.6531405814021971;1.2471524515342711
17100000.0;10167179.36820239;36375582407.64838;0.6765779669081892;0.946079667453595
17100000.0;14528468.267848602;145439895670.12988;0.6931322999220288;1.079873428391398
17100000.0;12110786.630034951;70425750799.22081;0.6803959507495898;1.0056350324285264
17100000.0;15420931.780782826;201213431993.03192;0.7053978957419683;1.1077440702017476
17100000.0;13786203.93345469;176582166268.88992;0.7123798861380866;1.060536715213696
17100000.0;9320729.409056252;252018936826.5741;0.7656946701863494;0.9372825181184282
17100000.0;11871709.09829056;41391632894.90791;0.6668461713476037;0.9946007509654232
17100000.0;16660429.21584764;314918180087.3119;0.7252409419071756;1.1463316068553127
17100000.0;7978260.965377884;58269276575.287415;0.6975653067153277;0.8880723691812046
17100000.0;12841792.705729578;256178182533.40735;0.7473220180914815;1.0368539866272275
17100000.0;13774636.136733027;157931424357.28043;0.7052883780593233;1.0592963481846063
17100000.0;17122785.803822797;93216779856.8645;0.6440517125472259;1.1487045629724886
17100000.0;11756310.966747712;172619333997.0637;0.7282267883375844;1.0029871528881793
17100000.0;13226986.206390917;358691588876.06165;0.7695027674120313;1.050893345027776
17100000.0;667359.1699224948;160577198671.17224;0.7199171536146785;0.6951143123874015
17100000.0;5026785.703244765;42298967993.64098;0.685007128725149;0.8039456613476799
17100000.0;10876032.244068772;174881526530.74252;0.7352932003536865;0.9782128694651183
17100000.0;16565492.091355322;151994056134.08102;0.6754136628944535;1.137627773305605
17100000.0;4841816.081293078;102006516980.41798;0.7132158109476916;0.8054901758988444
17100000.0;11237013.936032899;181414483283.17746;0.735251352101482;0.9886978259893886
17100000.0;7808775.9358133245;205741341275.55078;0.7549449844001836;0.8932294098983028
17100000.0;1051852.126161389;84384611223.94756;0.6860611657964711;0.7001123215809822
17100000.0;11646803.707467262;236071001511.89496;0.7505677804710952;1.00238765119005
17100000.0;6491884.463413765;186052940122.83813;0.7486905948282625;0.8558207477051342
17100000.0;5692593.002723287;156027337181.23627;0.7371978488593687;0.8322871293875249
17100000.0;7157581.695748263;232739067738.2225;0.7633527242222317;0.8763022446948816
17100000.0;11347612.897323972;228068637618.7055;0.7501446718287172;0.9936457149022703
17100000.0;7119305.1377972225;154935612355.01105;0.7381638710363646;0.871637510441954
17100000.0;6578610.42787515;277117307640.95734;0.7758002678500967;0.8620425267865032
17100000.0;7416698.39891063;144232830854.97122;0.7343064730192901;0.8793104075152495
17100000.0;19484527.43614649;254771227517.96652;0.6779594199022951;1.2238766055685735
17100000.0;14629698.381914282;147384266459.59723;0.6929505954475538;1.0828416433809092
17100000.0;5608565.322553315;130596296762.0277;0.7272572034987184;0.8285188361977202
17100000.0;3778279.575806734;322443744314.25446;0.7853915656129328;0.7869223146048605
17100000.0;6385792.942866822;64758831712.150505;0.6998859192190168;0.8444089005539034
17100000.0;14232952.811674284;213283177065.42313;0.7212375407945164;1.0746831567475066
17100000.0;18385635.085569456;162745674012.72565;0.6603676832341434;1.1893562539664273
17100000.0;11325153.89979413;98674501844.5926;0.700481451654004;0.986359793081517
17100000.0;19000472.509770762;4188905646.3726835;0.5783229960455637;1.1793773262169702
17100000.0;790380.9144907624;90681010532.0419;0.687529993289493;0.6935347146315145
17100000.0;1260102.6457253129;214537430730.6783;0.7444540782301398;0.7139679979063569
17100000.0;2645922.425113912;284841337375.0215;0.772524683105054;0.7546240990469611
17100000.0;5940004.186758922;349535993354.5945;0.7937935470526846;0.8472169407194581
17100000.0;19198892.544646673;275812593217.9478;0.6867920754493986;1.2165007979053755
17100000.0;2076571.7950885666;125124228560.80084;0.7123399623653744;0.7315441337510445
17100000.0;19106658.20912289;231494100329.36935;0.6755842529294382;1.21254124162504
17100000.0;2190717.2075927397;10656320949.519802;0.6510167285666763;0.7181228325170912
17100000.0;12675997.977096444;12394580265.670918;0.6431427906436559;1.008957346143132
17100000.0;11072007.43682853;134789738580.53366;0.7183268516987773;0.9817179245912246
17100000.0;17174702.803553328;50836740484.531784;0.6221610828096336;1.144189024598366
17100000.0;20221149.564355392;288254277551.7589;0.6781202423439554;1.2454587818805636
17100000.0;9626906.533254882;171019256161.04758;0.7404737536381663;0.9427401210291081
17100000.0;4527254.609116362;20376042712.269592;0.6709687191154708;0.7856786740770135
17100000.0;14562175.089799587;329835918463.3467;0.7509788099043829;1.0877016256617642
17100000.0;15295347.958512554;192978492786.04108;0.7037735024124399;1.1038604851927973
17100000.0;8429558.166642088;200359289933.361;0.7526948583951224;0.9103058810039873
17100000.0;20574744.430070747;184359763400.96603;0.6443229111868297;1.2517232783234824
17100000.0;6307947.473862931;295446556364.3927;0.780659625415648;0.8552726625887827
17100000.0;4157570.1121646375;244388427873.87848;0.7642579472901451;0.7943202507384478
17100000.0;4081540.4268222186;356304436379.77563;0.7941585024186755;0.7964618313066641
17100000.0;7621777.809959531;176804331460.455;0.7457482756944379;0.8867073642442608
17100000.0;2420318.4816582347;202579899462.72437;0.7451277314919929;0.7451383705181394
17100000.0;1097958.0509098712;141668718232.7262;0.7142788869298189;0.705804895507104
17100000.0;12890936.501391439;110257076175.4247;0.6929812665126107;1.0313724645626172
17100000.0;11103252.761538334;324975729801.63727;0.7765649442205663;0.9899538025624739
17100000.0;17690093.915768046;94965997371.19656;0.63904442533889;1.1647596999146728
17100000.0;7005998.5857921215;325980966652.52594;0.7875318703783131;0.8757692088119327
17100000.0;18951564.7611801;262135235055.7451;0.6860382195691649;1.2091725584914663
17100000.0;2461093.4885891494;21798633536.671806;0.6601069931315543;0.7291871231963757
17100000.0;9712655.287796818;49033239221.21148;0.6863192530960172;0.9355649502892669
17100000.0;18573534.73203376;196351626902.82956;0.6703231037837084;1.1962409696151972
17100000.0;10747587.396066133;306336826875.5149;0.7741298716014643;0.9793176042125243
17100000.0;9879602.189202264;340717331525.9266;0.7848504842674057;0.9561245238968165
17100000.0;12191477.13180818;243713092674.49622;0.7488714788199046;1.0180516419966084
17100000.0;16053659.562982947;130961156381.42741;0.6719697312318175;1.1219018615362626
17100000.0;1662744.7511441307;273502979256.1712;0.7658836020299077;0.7273560529746071
17100000.0;3562805.746565275;260561259448.4074;0.7678332546845876;0.7787218004137063
17100000.0;975660.3108112123;259427312994.31516;0.7585756406432768;0.70804069778345
17100000.0;6864136.069478006;226189937117.14606;0.7614842018297029;0.8679075987065699
17100000.0;15658869.257923434;44678867652.39785;0.6339668417954127;1.1008263999318708
17100000.0;7861440.716092241;64292565764.5647;0.7006296234996697;0.8855029970889182
17100000.0;20797728.794378795;292472297378.61285;0.6725234742450369;1.2617039511388581
17100000.0;4232463.997003846;285961494015.4889;0.7765692348714455;0.7979855948567014
17100000.0;17608852.62301048;346985608230.37634;0.7213779868611088;1.1737806237574888
17100000.0;16862529.73209261;62480771096.16234;0.6314219108451492;1.1374847093137985
17100000.0;4928328.0801674165;348014581919.04706;0.7931755490869354;0.819357130700545
17100000.0;1761473.6111710074;353698545936.83026;0.788559909250923;0.7329887232831686
17100000.0;342548.82463707525;157592140972.2774;0.7166116208692377;0.6860575564830149
17100000.0;9826676.565215172;266525034789.09427;0.7680494918802181;0.952023900807091
17100000.0;3907084.1825293396;132258746503.76044;0.7232834181099719;0.782045146161894
17100000.0;20937418.642917663;51890791066.80725;0.5850295012817471;1.248819700493502
17100000.0;6136252.158779944;140259591973.68726;0.7319243552631557;0.8436110189025091
17100000.0;2702753.9613984213;311690273560.2726;0.7801658243593684;0.7571679094552629
17100000.0;12691100.118824748;344691525651.5691;0.7708190686987599;1.0353543778364283
17100000.0;5257644.812699515;303442105286.098;0.7824811529969665;0.8266999871930573
17100000.0;20627205.403704878;13037200812.238518;0.5676894371522374;1.2288113220509624
17100000.0;5390151.765426465;18024172766.110947;0.6731017939450726;0.8088107291314881
17100000.0;8837250.607674222;107361815084.29115;0.718367820608277;0.9168789123322861
17100000.0;15885914.297978;78781445427.2993;0.6495210817409715;1.1124341089173462
17100000.0;19252436.920956496;225379112146.13535;0.6721055625400856;1.2164090789566155
17100000.0;903494.2966778812;48138207248.15351;0.6646212332247465;0.6916020109289813
17100000.0;10544691.303896477;38513411879.59953;0.6752610840477085;0.9570284370313447
17100000.0;17779164.163141627;5089287921.882738;0.5906503060245191;1.1462173987747462
17100000.0;11536126.06650371;107989997451.4174;0.7031824352885405;0.9930336058993614
17100000.0;16886778.553538006;170480961777.88174;0.6792125176058225;1.147656677239749
17100000.0;14440798.805579683;24274319610.85515;0.6342122459470121;1.0620545986374064
17100000.0;10465138.537540171;210874691985.49585;0.7499863391032991;0.9680796802648032
17100000.0;13424999.946257513;66712057142.39589;0.6670333984376141;1.0420021021349213
17100000.0;15000843.788406584;332639819981.36865;0.7471792308657474;1.1001404242683568
17100000.0;212053.59076337286;267803052243.38968;0.7576460372473036;0.6875093666146838
17100000.0;12369652.494821656;219697331917.43756;0.7399279468844872;1.022247660738893
17100000.0;14182088.351654913;218599581034.69583;0.7235032513994275;1.0734458736823205
17100000.0;1533914.1324847832;253363432625.57324;0.7590397367618604;0.7230604155391149
17100000.0;17830900.97467747;191681205562.766;0.6768254715465295;1.1751939626517178
17100000.0;15510965.967209013;26347071792.089584;0.6251302270604973;1.0923466845818175
17100000.0;18553790.27397535;168210598469.04977;0.6605952895315444;1.1943613961199293
17100000.0;4785523.002094099;182627949770.4873;0.7450597052499222;0.8087699996398433
17100000.0;12020454.278695548;197074673530.32935;0.7350494722006409;1.0115007890952494
17100000.0;17339242.633891456;297975779622.40436;0.7135816591989671;1.1649367673875732
17100000.0;1867476.3686349178;59510077314.38921;0.67806785016342;0.7196816372596314
17100000.0;13954638.027769323;338545125103.4504;0.7587894923873587;1.0708193186207349
17100000.0;109233.04000280482;112221025592.68513;0.6936946304062346;0.6766744638061127
17100000.0;10250784.90573963;101557022949.36122;0.7092157673787378;0.9563356988876334
17100000.0;20276761.55385658;245689075496.70126;0.6664578673191003;1.2457547148738095
17100000.0;5078957.09525154;250170103286.00253;0.767541137336112;0.8197209202374843
17100000.0;13300268.624168854;39234280376.37702;0.653324329885107;1.034007052677178
17100000.0;1949428.0867383666;99886801684.26901;0.699659401433547;0.7261419658029135
17100000.0;20074159.604315184;105422944495.03891;0.6190851982688332;1.2323552838977687
17100000.0;6086139.931398589;34650569136.89829;0.6842283170614886;0.8317829195426334
17100000.0;16262934.040292231;290568321130.39667;0.7235549886163876;1.1344679495265195
17100000.0;6228028.539918424;289674063685.87225;0.7791872151771244;0.8528408677465747
17100000.0;8006256.00613532;328004167539.5289;0.7865816320243122;0.903539531859954
17100000.0;15222542.715249373;147894322443.37582;0.687353730953993;1.099573650898389
17100000.0;19717464.5371039;161096961754.26624;0.6453844958109979;1.226548603330641
17100000.0;16996617.594105557;25143577755.60803;0.6098363323066063;1.1331184582614073
17100000.0;13055111.222173829;217413517425.30923;0.733416950598047;1.0415477068986772
17100000.0;3057355.1592829213;330285614992.1976;0.7859265404707717;0.767525339879985
17100000.0;12447752.269486085;302782373576.1666;0.7630923144350685;1.027198052297849
17100000.0;8961016.881820012;72222882170.97035;0.7018099649621397;0.9173430832722801
17100000.0;4553028.177337186;149403022688.57785;0.7321795877055413;0.8007134594442594
17100000.0;1250876.3802657083;94489664215.05034;0.6926635695912677;0.7065200613189133
17100000.0;18260945.705135763;280287790005.54486;0.6986932199949792;1.1903362563044022
17100000.0;16780819.55809815;257852029358.38876;0.709075778041489;1.1480521261971148
17100000.0;508255.26113943703;83018729482.2183;0.6813789165777512;0.6850497592594339
17100000.0;13872944.966390027;230016882745.7576;0.7301456459958273;1.0651185749426486
17100000.0;10071396.788325185;301219619116.6832;0.7756370854557968;0.9601138902623059
17100000.0;17544812.51400653;69613521765.5071;0.6281695201384175;1.1575829955629218
17100000.0;13179404.124282598;96420838157.12819;0.6839823203736315;1.0383399089352725
17100000.0;20683968.83362922;15627380777.974913;0.5685606700055373;1.2315076406797738
17100000.0;9065871.808096796;352951500472.6019;0.7896817558524055;0.9338846218662353
17100000.0;10367704.312419113;263238766467.46988;0.7652817257949417;0.9671659808677779
17100000.0;18784225.410344854;242563535766.02017;0.6824719641380129;1.2038683556592091
17100000.0;18899148.8941043;298919799673.54407;0.6959015862499834;1.208732599367138
17100000.0;3021501.211662872;7537413244.294525;0.6546808968520919;0.7397276332141227
17100000.0;14917650.366437232;22006423.945543166;0.6151401934582406;1.0641680827668607
17100000.0;76434.52961363015;180900848256.48227;0.7248578380883477;0.6800276219679864
17100000.0;3268930.327972623;85373399920.5034;0.6993746774012242;0.7609706341741713
17100000.0;8232879.075863433;274766947491.15265;0.7737026190726806;0.9077996089619061
17100000.0;9386349.709922222;272046353791.03314;0.7706582579460477;0.9398529137649059
17100000.0;2125001.478695105;19213611832.998013;0.6561426226775045;0.7192288946969579
17100000.0;7315046.756715353;313942647344.76685;0.7843770639593263;0.8838520029134641
17100000.0;8529978.681522569;47110080601.75309;0.6905661766280624;0.9020565142697173
17100000.0;9982994.23903172;121124159313.47401;0.7194161391532485;0.950154284575005
17100000.0;16197184.126380416;310796677536.5965;0.7293239135221434;1.1331934136195503
17100000.0;6770535.530976541;2842904353.461013;0.6676234786173988;0.8409821363629063
17100000.0;10976654.328129126;308523307240.7369;0.7735485234852939;0.9858476922308329
17100000.0;17997901.9473421;342761264599.98047;0.7159928600942941;1.1845836726175119
17100000.0;15781142.876887256;16505144380.16698;0.6167612760132375;1.0965151580894745
17100000.0;1400889.1722746887;80290502255.7378;0.6862566743042285;0.7092788328980154
17100000.0;13679865.717387144;335870254654.5859;0.7606819148002464;1.0629826491549526
17100000.0;5831146.883598678;187157411583.6906;0.7483997151856768;0.8376419272366408
17100000.0;17242526.0234605;128149050377.45213;0.658588289311677;1.1551210526362607
17100000.0;6960995.77307863;60504747520.57827;0.6986875394766767;0.8598505106887901
17100000.0;2316537.9715227294;278916606257.349;0.769786721142776;0.7454120660154124
17100000.0;10606227.473493826;333183056660.5764;0.7806525432244866;0.9762433494075234
17100000.0;9089658.413529132;216473909403.08267;0.7563832470055554;0.9294603284684362
17100000.0;18213513.026462168;297029382087.003;0.7033723709416031;1.1894620458425624
17100000.0;4698424.862822772;264750230681.59137;0.7713081846195596;0.8099022543166963
17100000.0;500213.8020388745;76908286278.30801;0.6779835919058841;0.6841963624655689
17100000.0;2803730.666867199;316539729365.13995;0.7817258907831436;0.760101443040659
17100000.0;16040725.623479687;164312785826.09326;0.6856230554926105;1.1235257152252989
17100000.0;19511318.68600854;249365332906.0127;0.6761623741071896;1.2244581604529923
17100000.0;3630035.162530829;239213245421.97894;0.7614092254867416;0.7797108249133152
17100000.0;7693678.361552474;124296714636.0506;0.7266902049456051;0.8858302897761076
17100000.0;8147426.06275191;43838826046.77197;0.6898839419887168;0.890798953900671
17100000.0;1430017.9451615936;137955309201.522;0.7145757533585186;0.7146726660409974
17100000.0;4355960.504099371;27589001543.17375;0.6742864848682942;0.7827070695462586
17100000.0;13015985.277283903;194390067102.2177;0.7258547847981;1.0395460356972712
17100000.0;5768516.4796533575;355897390404.5092;0.7952567812858808;0.8427379316229059
17100000.0;2589301.8859517705;323138333392.1686;0.7829240370863249;0.7544866434345615
17100000.0;19576702.967255253;87923613433.16245;0.6162878474566081;1.2165961710618778
17100000.0;4000860.471992698;268805909884.29785;0.7712640415248336;0.7910027356053667
17100000.0;20843965.381273285;319145030715.96783;0.6779569531158967;1.2636885980496797
17100000.0;18449058.963619605;9550184513.945726;0.5867106891168863;1.1670798899343058
17100000.0;12339353.44833054;135703751618.36452;0.7088829426165147;1.0175401886136572
17100000.0;677466.9199092482;351646800886.96454;0.7843697442949584;0.7033145988053635
17100000.0;3288380.7895300575;31357746057.572113;0.6709058234186279;0.754147293708317
17100000.0;14316447.735966157;270704899969.46063;0.738216850997656;1.078999771488435
17100000.0;8634231.688971581;53488894995.77376;0.6935657831393413;0.9059072419064291
17100000.0;10805190.098721752;321097210259.1592;0.7771646416637317;0.981432136309197
17100000.0;14719742.35032509;229651745041.5058;0.7218948762589041;1.0890357463709406
17100000.0;17401558.912925586;89118287860.63074;0.6392359600748775;1.1560577339001585
17100000.0;15621328.501827657;199262578401.97736;0.7026883488704116;1.1133116218630494
17100000.0;5204204.748860737;211235561053.57468;0.7555483948533173;0.8215197688714891
17100000.0;9524800.765211195;6505193652.931276;0.6625878953134658;0.9190983443941372
17100000.0;19955607.865583118;116701611427.47389;0.6251990849266281;1.230091347083435
